[
  {
    "id": "b1",
    "title": "JavaScript: The Good Parts",
    "author": "Douglas Crockford",
    "price": 499.0,
    "cover": "https://picsum.photos/seed/js1/200/300"
  },
  {
    "id": "b2",
    "title": "Eloquent JavaScript",
    "author": "Marijn Haverbeke",
    "price": 599.0,
    "cover": "https://picsum.photos/seed/js2/200/300"
  },
  {
    "id": "b3",
    "title": "You Don't Know JS (Yet)",
    "author": "Kyle Simpson",
    "price": 699.0,
    "cover": "https://picsum.photos/seed/js3/200/300"
  },
  {
    "id": "b4",
    "title": "Clean Code",
    "author": "Robert C. Martin",
    "price": 799.0,
    "cover": "https://picsum.photos/seed/cc/200/300"
  },
  {
    "id": "b5",
    "title": "Design Patterns in JS",
    "author": "Addy Osmani",
    "price": 459.0,
    "cover": "https://picsum.photos/seed/dp/200/300"
  }
]